{"loss": [0.00826751347631216, 0.004722800105810165, 0.0043197982013225555, 0.003825026797130704, 0.0030308212153613567, 0.00295826094225049, 0.0032433869782835245, 0.002739337971433997, 0.002705770544707775, 0.0030047602485865355, 0.0026903729885816574, 0.0029418780468404293, 0.0025116456672549248, 0.002352474257349968, 0.0027657609898597, 0.0024160677567124367, 0.0025360635481774807, 0.0022464580833911896, 0.0023871103767305613, 0.0025634830817580223], "val_loss": [0.004898763261735439, 0.0038558950182050467, 0.0053299954161047935, 0.008847841061651707, 0.00679455092176795, 0.005508831236511469, 0.005478315055370331, 0.006303940899670124, 0.005657876841723919, 0.002394749317318201, 0.006289083510637283, 0.004240185953676701, 0.00256344024091959, 0.005038060713559389, 0.002557883271947503, 0.006467944942414761, 0.00798070803284645, 0.005513158161193132, 0.009265183471143246, 0.0024830829352140427]}