{"loss": [0.00900633167475462, 0.009013999253511429, 0.008812502026557922, 0.008695902302861214, 0.008617077022790909, 0.008551300503313541, 0.008559840731322765, 0.008656447753310204, 0.008389906026422977, 0.008508531376719475, 0.008273905143141747, 0.0082473149523139, 0.008186735212802887, 0.008222994394600391, 0.008288571611046791, 0.008190656080842018, 0.008122894912958145, 0.008166833780705929, 0.00808115303516388, 0.008023414760828018, 0.007972161285579205, 0.00796419195830822, 0.007925079204142094, 0.007999206893146038, 0.00781647115945816], "val_loss": [0.009421085938811302, 0.007584587205201387, 0.007508621085435152, 0.008199261501431465, 0.009354501031339169, 0.00993024930357933, 0.009642221964895725, 0.009054658934473991, 0.010191760957241058, 0.010495509952306747, 0.010764498263597488, 0.011215503327548504, 0.014633848331868649, 0.011826056987047195, 0.013181474059820175, 0.01603393442928791, 0.0130714550614357, 0.013449816033244133, 0.016166312620043755, 0.014335130341351032, 0.015509377233684063, 0.016669606789946556, 0.018004970625042915, 0.01635037362575531, 0.01863560453057289]}